/*
SQLyog Ultimate v8.82 
MySQL - 5.0.86-community-nt : Database - csitechnology_db
*********************************************************************
*/

/*!40101 SET NAMES utf8 */;

/*!40101 SET SQL_MODE=''*/;

/*!40014 SET @OLD_UNIQUE_CHECKS=@@UNIQUE_CHECKS, UNIQUE_CHECKS=0 */;
/*!40014 SET @OLD_FOREIGN_KEY_CHECKS=@@FOREIGN_KEY_CHECKS, FOREIGN_KEY_CHECKS=0 */;
/*!40101 SET @OLD_SQL_MODE=@@SQL_MODE, SQL_MODE='NO_AUTO_VALUE_ON_ZERO' */;
/*!40111 SET @OLD_SQL_NOTES=@@SQL_NOTES, SQL_NOTES=0 */;
CREATE DATABASE /*!32312 IF NOT EXISTS*/`csitechnology_db` /*!40100 DEFAULT CHARACTER SET latin1 */;

USE `csitechnology_db`;

/*Table structure for table `t_category_master` */

DROP TABLE IF EXISTS `t_category_master`;

CREATE TABLE `t_category_master` (
  `Id` int(11) NOT NULL auto_increment,
  `Category_Name` varchar(200) NOT NULL,
  `Description` text,
  `Image` varchar(200) default NULL,
  `Status` enum('Active','InActive') NOT NULL default 'Active',
  PRIMARY KEY  (`Id`)
) ENGINE=InnoDB AUTO_INCREMENT=4 DEFAULT CHARSET=latin1;

/*Data for the table `t_category_master` */

insert  into `t_category_master`(`Id`,`Category_Name`,`Description`,`Image`,`Status`) values (1,'Machinery','fewfewffewfwefwefcecf','category1.png','Active'),(2,'Tools & Equipment','dawfjkjfd','category3.png','Active'),(3,'Accessories','dfer','category2.png','Active');

/*Table structure for table `t_company_details` */

DROP TABLE IF EXISTS `t_company_details`;

CREATE TABLE `t_company_details` (
  `Id` int(11) NOT NULL auto_increment,
  `Name` varchar(255) NOT NULL,
  `Contact_Number` varchar(200) default NULL,
  `Email_Address` varchar(200) default NULL,
  `Location_Address` varchar(200) default NULL,
  `Fackbook_Link` varchar(200) default NULL,
  `Twitter_Link` varchar(200) default NULL,
  `Youtube_Link` varchar(200) default NULL,
  `Googleplus_Link` varchar(200) default NULL,
  `Logo` varchar(255) default NULL,
  `Company_Description` text,
  `status` enum('Active','InActive') default 'Active',
  PRIMARY KEY  (`Id`)
) ENGINE=InnoDB AUTO_INCREMENT=2 DEFAULT CHARSET=latin1;

/*Data for the table `t_company_details` */

insert  into `t_company_details`(`Id`,`Name`,`Contact_Number`,`Email_Address`,`Location_Address`,`Fackbook_Link`,`Twitter_Link`,`Youtube_Link`,`Googleplus_Link`,`Logo`,`Company_Description`,`status`) values (1,'DCSI TECHNOLOGY','77645388','info@dcsitechnology.bt','Department of Cottage and Small Industries, MoEA','https://www.facebook.com/dcsitechnology','https://www.twitter.com/dcsitechnology','https://www.Youtube.com/dcsitechnology','https://www.google.com/dcsitechnology','dcsilogoblack.png','<p style=\"text-align: justify; box-sizing: inherit; margin-bottom: 15px;\"><font face=\"Arial\"><span style=\"font-size: 14px;\">Guided by the philosophy of Gross National Happiness, the Department of Cottage&nbsp;</span></font><span style=\"font-size: 14px; font-family: Arial;\">&amp; Small Industry under the Ministry of Economic Affairs is the premier agency&nbsp;</span><span style=\"font-size: 14px; font-family: Arial;\">promoting the growth of vibrant and sustainable CSIs contributing to the overall&nbsp;</span><span style=\"font-size: 14px; font-family: Arial;\">socio-economic development in the country.</span></p><p style=\"text-align: justify; box-sizing: inherit; margin-bottom: 15px;\"><font face=\"Arial\"><span style=\"font-size: 14px;\">The Department was created in 2010 to give focused attention to CSI development. It&nbsp;</span></font><span style=\"font-size: 14px; font-family: Arial;\">is mandated to create an enabling environment to facilitate and support the sustainable&nbsp;</span><span style=\"font-size: 14px; font-family: Arial;\">growth and development of CSIs for equitable income distribution, employment&nbsp;</span><span style=\"font-size: 14px; font-family: Arial;\">generation, and balanced regional development.</span></p><p style=\"text-align: justify; box-sizing: inherit; margin-bottom: 15px;\"><font face=\"Arial\"><span style=\"font-size: 14px;\">The Development has gained momentum since its establishment. However, the sector&nbsp;</span></font><span style=\"font-size: 14px; font-family: Arial;\">has been challenged by a myriad of factors such as the poor culture of entrepreneurship&nbsp;</span><span style=\"font-size: 14px; font-family: Arial;\">and limited human capacity, limited access to finance, infrastructure, inadequate&nbsp;</span><span style=\"font-size: 14px; font-family: Arial;\">business development supports, poor innovation and technology, and access to the&nbsp;</span><span style=\"font-size: 14px; font-family: Arial;\">market that impeded it from realizing its full potential. Recognizing these challenges,&nbsp;</span><span style=\"font-size: 14px; font-family: Arial;\">the government has accorded high priority for its development.</span></p><p style=\"text-align: justify; box-sizing: inherit; margin-bottom: 15px;\"><font face=\"Arial\"><span style=\"font-size: 14px;\">The CSI sector is designated as one of the five economic jewels and occupies a central&nbsp;</span></font><span style=\"font-size: 14px; font-family: Arial;\">position in the 12 Five Year Plan. The Start-up and CSI Development is one of&nbsp;</span><span style=\"font-size: 14px; font-family: Arial;\">the flagship programs of the government with focused investment. Thus, various&nbsp;</span><span style=\"font-size: 14px; font-family: Arial;\">interventions are designed to promote the growth of the sector.</span></p>',NULL);

/*Table structure for table `t_country_master` */

DROP TABLE IF EXISTS `t_country_master`;

CREATE TABLE `t_country_master` (
  `Id` int(11) NOT NULL auto_increment,
  `Country_Name` varchar(200) NOT NULL,
  `Status` enum('Active','inActive') NOT NULL default 'Active',
  PRIMARY KEY  (`Id`)
) ENGINE=InnoDB AUTO_INCREMENT=251 DEFAULT CHARSET=latin1;

/*Data for the table `t_country_master` */

insert  into `t_country_master`(`Id`,`Country_Name`,`Status`) values (1,'Aruba','Active'),(2,'Afghanistan','Active'),(3,'Angola','Active'),(4,'Anguilla','Active'),(5,'Åland','Active'),(6,'Albania','Active'),(7,'Andorra','Active'),(8,'United Arab Emirates','Active'),(9,'Argentina','Active'),(10,'Armenia','Active'),(11,'American Samoa','Active'),(12,'Antarctica','Active'),(13,'French Southern Territories','Active'),(14,'Antigua and Barbuda','Active'),(15,'Australia','Active'),(16,'Austria','Active'),(17,'Azerbaijan','Active'),(18,'Burundi','Active'),(19,'Belgium','Active'),(20,'Benin','Active'),(21,'Bonaire','Active'),(22,'Burkina Faso','Active'),(23,'Bangladesh','Active'),(24,'Bulgaria','Active'),(25,'Bahrain','Active'),(26,'Bahamas','Active'),(27,'Bosnia and Herzegovina','Active'),(28,'Saint Barthélemy','Active'),(29,'Belarus','Active'),(30,'Belize','Active'),(31,'Bermuda','Active'),(32,'Bolivia','Active'),(33,'Brazil','Active'),(34,'Barbados','Active'),(35,'Brunei','Active'),(36,'Bhutan','Active'),(37,'Bouvet Island','Active'),(38,'Botswana','Active'),(39,'Central African Republic','Active'),(40,'Canada','Active'),(41,'Cocos [Keeling] Islands','Active'),(42,'Switzerland','Active'),(43,'Chile','Active'),(44,'China','Active'),(45,'Ivory Coast','Active'),(46,'Cameroon','Active'),(47,'Democratic Republic of the Congo','Active'),(48,'Republic of the Congo','Active'),(49,'Cook Islands','Active'),(50,'Colombia','Active'),(51,'Comoros','Active'),(52,'Cape Verde','Active'),(53,'Costa Rica','Active'),(54,'Cuba','Active'),(55,'Curacao','Active'),(56,'Christmas Island','Active'),(57,'Cayman Islands','Active'),(58,'Cyprus','Active'),(59,'Czech Republic','Active'),(60,'Germany','Active'),(61,'Djibouti','Active'),(62,'Dominica','Active'),(63,'Denmark','Active'),(64,'Dominican Republic','Active'),(65,'Algeria','Active'),(66,'Ecuador','Active'),(67,'Egypt','Active'),(68,'Eritrea','Active'),(69,'Western Sahara','Active'),(70,'Spain','Active'),(71,'Estonia','Active'),(72,'Ethiopia','Active'),(73,'Finland','Active'),(74,'Fiji','Active'),(75,'Falkland Islands','Active'),(76,'France','Active'),(77,'Faroe Islands','Active'),(78,'Micronesia','Active'),(79,'Gabon','Active'),(80,'United Kingdom','Active'),(81,'Georgia','Active'),(82,'Guernsey','Active'),(83,'Ghana','Active'),(84,'Gibraltar','Active'),(85,'Guinea','Active'),(86,'Guadeloupe','Active'),(87,'Gambia','Active'),(88,'Guinea-Bissau','Active'),(89,'Equatorial Guinea','Active'),(90,'Greece','Active'),(91,'Grenada','Active'),(92,'Greenland','Active'),(93,'Guatemala','Active'),(94,'French Guiana','Active'),(95,'Guam','Active'),(96,'Guyana','Active'),(97,'Hong Kong','Active'),(98,'Heard Island and McDonald Islands','Active'),(99,'Honduras','Active'),(100,'Croatia','Active'),(101,'Haiti','Active'),(102,'Hungary','Active'),(103,'Indonesia','Active'),(104,'Isle of Man','Active'),(105,'India','Active'),(106,'British Indian Ocean Territory','Active'),(107,'Ireland','Active'),(108,'Iran','Active'),(109,'Iraq','Active'),(110,'Iceland','Active'),(111,'Israel','Active'),(112,'Italy','Active'),(113,'Jamaica','Active'),(114,'Jersey','Active'),(115,'Jordan','Active'),(116,'Japan','Active'),(117,'Kazakhstan','Active'),(118,'Kenya','Active'),(119,'Kyrgyzstan','Active'),(120,'Cambodia','Active'),(121,'Kiribati','Active'),(122,'Saint Kitts and Nevis','Active'),(123,'South Korea','Active'),(124,'Kuwait','Active'),(125,'Laos','Active'),(126,'Lebanon','Active'),(127,'Liberia','Active'),(128,'Libya','Active'),(129,'Saint Lucia','Active'),(130,'Liechtenstein','Active'),(131,'Sri Lanka','Active'),(132,'Lesotho','Active'),(133,'Lithuania','Active'),(134,'Luxembourg','Active'),(135,'Latvia','Active'),(136,'Macao','Active'),(137,'Saint Martin','Active'),(138,'Morocco','Active'),(139,'Monaco','Active'),(140,'Moldova','Active'),(141,'Madagascar','Active'),(142,'Maldives','Active'),(143,'Mexico','Active'),(144,'Marshall Islands','Active'),(145,'Macedonia','Active'),(146,'Mali','Active'),(147,'Malta','Active'),(148,'Myanmar [Burma]','Active'),(149,'Montenegro','Active'),(150,'Mongolia','Active'),(151,'Northern Mariana Islands','Active'),(152,'Mozambique','Active'),(153,'Mauritania','Active'),(154,'Montserrat','Active'),(155,'Martinique','Active'),(156,'Mauritius','Active'),(157,'Malawi','Active'),(158,'Malaysia','Active'),(159,'Mayotte','Active'),(160,'Namibia','Active'),(161,'New Caledonia','Active'),(162,'Niger','Active'),(163,'Norfolk Island','Active'),(164,'Nigeria','Active'),(165,'Nicaragua','Active'),(166,'Niue','Active'),(167,'Netherlands','Active'),(168,'Norway','Active'),(169,'Nepal','Active'),(170,'Nauru','Active'),(171,'New Zealand','Active'),(172,'Oman','Active'),(173,'Pakistan','Active'),(174,'Panama','Active'),(175,'Pitcairn Islands','Active'),(176,'Peru','Active'),(177,'Philippines','Active'),(178,'Palau','Active'),(179,'Papua New Guinea','Active'),(180,'Poland','Active'),(181,'Puerto Rico','Active'),(182,'North Korea','Active'),(183,'Portugal','Active'),(184,'Paraguay','Active'),(185,'Palestine','Active'),(186,'French Polynesia','Active'),(187,'Qatar','Active'),(188,'Réunion','Active'),(189,'Romania','Active'),(190,'Russia','Active'),(191,'Rwanda','Active'),(192,'Saudi Arabia','Active'),(193,'Sudan','Active'),(194,'Senegal','Active'),(195,'Singapore','Active'),(196,'South Georgia and the South Sandwich Islands','Active'),(197,'Saint Helena','Active'),(198,'Svalbard and Jan Mayen','Active'),(199,'Solomon Islands','Active'),(200,'Sierra Leone','Active'),(201,'El Salvador','Active'),(202,'San Marino','Active'),(203,'Somalia','Active'),(204,'Saint Pierre and Miquelon','Active'),(205,'Serbia','Active'),(206,'South Sudan','Active'),(207,'São Tomé and Príncipe','Active'),(208,'Suriname','Active'),(209,'Slovakia','Active'),(210,'Slovenia','Active'),(211,'Sweden','Active'),(212,'Swaziland','Active'),(213,'Sint Maarten','Active'),(214,'Seychelles','Active'),(215,'Syria','Active'),(216,'Turks and Caicos Islands','Active'),(217,'Chad','Active'),(218,'Togo','Active'),(219,'Thailand','Active'),(220,'Tajikistan','Active'),(221,'Tokelau','Active'),(222,'Turkmenistan','Active'),(223,'East Timor','Active'),(224,'Tonga','Active'),(225,'Trinidad and Tobago','Active'),(226,'Tunisia','Active'),(227,'Turkey','Active'),(228,'Tuvalu','Active'),(229,'Taiwan','Active'),(230,'Tanzania','Active'),(231,'Uganda','Active'),(232,'Ukraine','Active'),(233,'U.S. Minor Outlying Islands','Active'),(234,'Uruguay','Active'),(235,'United States','Active'),(236,'Uzbekistan','Active'),(237,'Vatican City','Active'),(238,'Saint Vincent and the Grenadines','Active'),(239,'Venezuela','Active'),(240,'British Virgin Islands','Active'),(241,'U.S. Virgin Islands','Active'),(242,'Vietnam','Active'),(243,'Vanuatu','Active'),(244,'Wallis and Futuna','Active'),(245,'Samoa','Active'),(246,'Kosovo','Active'),(247,'Yemen','Active'),(248,'South Africa','Active'),(249,'Zambia','Active'),(250,'Zimbabwe','Active');

/*Table structure for table `t_image_slider` */

DROP TABLE IF EXISTS `t_image_slider`;

CREATE TABLE `t_image_slider` (
  `Id` int(11) NOT NULL auto_increment,
  `Image` varchar(255) NOT NULL,
  `Name` varchar(255) NOT NULL,
  `Description` text NOT NULL,
  `Links` varchar(255) default NULL,
  `Status` enum('Active','InActive') NOT NULL default 'Active',
  PRIMARY KEY  (`Id`)
) ENGINE=InnoDB AUTO_INCREMENT=14 DEFAULT CHARSET=latin1;

/*Data for the table `t_image_slider` */

insert  into `t_image_slider`(`Id`,`Image`,`Name`,`Description`,`Links`,`Status`) values (10,'Mainslider.png','TECHNOLOGY TRANSFER AND DATABASE CENTER','This technology transfer website serves as an online database for the exchange of technology offers and requests in Bhutan. The website has several features including a technology offers and requests database in Bhutan and International, technology transfer partner links,','https://www.moea.gov.bt/?page_id=592','Active'),(13,'Mainslider4.png','The Asian and Pacific Centre for Transfer of Technology','The Asian and Pacific Centre for Transfer of Technology (APCTT) is a regional institution of the United Nations Economic and Social Commission for Asia and the Pacific servicing the Asia-Pacific region.','https://www.moea.gov.bt/?page_id=592','Active');

/*Table structure for table `t_mail_template` */

DROP TABLE IF EXISTS `t_mail_template`;

CREATE TABLE `t_mail_template` (
  `Template_Id` bigint(11) NOT NULL auto_increment,
  `Template_Subject` varchar(250) default NULL,
  `Template_Module` varchar(250) default NULL,
  `Template_Mail_Body` text,
  PRIMARY KEY  (`Template_Id`)
) ENGINE=InnoDB AUTO_INCREMENT=4 DEFAULT CHARSET=utf8;

/*Data for the table `t_mail_template` */

insert  into `t_mail_template`(`Template_Id`,`Template_Subject`,`Template_Module`,`Template_Mail_Body`) values (1,'REGISTRATION APPROVAL','REGISTRATION_APPROVE',' <!doctype html>\r\n <html xmlns=\"http://www.w3.org/1999/xhtml\">\r\n <head>\r\n  <meta http-equiv=\"Content-Type\" content=\"text/html; charset=UTF-8\" />\r\n  <meta NAME=\"viewport\" content=\"initial-scale=1.0\" />\r\n  <meta NAME=\"format-detection\" content=\"telephone=no\" />\r\n  <title></title>\r\n  <style TYPE=\"text/css\">\r\n    body {\r\n        width: 100%;\r\n        margin: 0;\r\n        padding: 0;\r\n        -webkit-font-smoothing: antialiased;\r\n    }\r\n    @media only screen AND (MAX-width: 800px) {\r\n        TABLE[class=\"table-row\"] {\r\n            FLOAT: NONE !important;\r\n            width: 98% !important;\r\n            padding-LEFT: 20px !important;\r\n            padding-RIGHT: 20px !important;\r\n        }\r\n        TABLE[class=\"table-row-fixed\"] {\r\n            FLOAT: NONE !important;\r\n            width: 98% !important;\r\n        }\r\n        TABLE[class=\"table-col\"], TABLE[class=\"table-col-border\"] {\r\n            FLOAT: NONE !important;\r\n            width: 100% !important;\r\n            padding-LEFT: 0 !important;\r\n            padding-RIGHT: 0 !important;\r\n            TABLE-layout: FIXED;\r\n        }\r\n        td[class=\"table-col-td\"] {\r\n            width: 100% !important;\r\n        }\r\n        TABLE[class=\"table-col-border\"] + TABLE[class=\"table-col-border\"] {\r\n            padding-top: 12px;\r\n            margin-top: 12px;\r\n            border-top: 1px solid #E8E8E8;\r\n        }\r\n        TABLE[class=\"table-col\"] + TABLE[class=\"table-col\"] {\r\n            margin-top: 15px;\r\n        }\r\n        td[class=\"table-row-td\"] {\r\n            padding-LEFT: 0 !important;\r\n            padding-RIGHT: 0 !important;\r\n        }\r\n        TABLE[class=\"navbar-row\"] , td[class=\"navbar-row-td\"] {\r\n            width: 100% !important;\r\n        }\r\n        img {\r\n            MAX-width: 100% !important;\r\n            display: inline !important;\r\n        }\r\n        img[class=\"pull-right\"] {\r\n            FLOAT: RIGHT;\r\n            margin-LEFT: 11px;\r\n            MAX-width: 125px !important;\r\n            padding-bottom: 0 !important;\r\n        }\r\n        img[class=\"pull-left\"] {\r\n            FLOAT: LEFT;\r\n            margin-RIGHT: 11px;\r\n            MAX-width: 125px !important;\r\n            padding-bottom: 0 !important;\r\n        }\r\n        TABLE[class=\"table-space\"], TABLE[class=\"header-row\"] {\r\n            FLOAT: NONE !important;\r\n            width: 98% !important;\r\n        }\r\n        td[class=\"header-row-td\"] {\r\n            width: 100% !important;\r\n        }\r\n    }\r\n    @media only screen AND (MAX-width: 480px) {\r\n        TABLE[class=\"table-row\"] {\r\n            padding-LEFT: 16px !important;\r\n            padding-RIGHT: 16px !important;\r\n        }\r\n    }\r\n    @media only screen AND (MAX-width: 320px) {\r\n        TABLE[class=\"table-row\"] {\r\n            padding-LEFT: 12px !important;\r\n            padding-RIGHT: 12px !important;\r\n        }\r\n    }\r\n    @media only screen AND (MAX-width: 458px) {\r\n        td[class=\"table-td-wrap\"] {\r\n            width: 100% !important;\r\n        }\r\n    }\r\n  </style>\r\n </head>\r\n <body style=\"font-family: Arial, sans-serif; font-size:13px; color: #444444; min-height: 200px;\" bgcolor=\"#E4E6E9\" leftmargin=\"0\" topmargin=\"0\" marginheight=\"0\" marginwidth=\"0\">\r\n	<TABLE class=\"table-row\" width=\"680\" bgcolor=\"#FFFFFF\" style=\"table-layout: fixed; background-color: #ffffff;\" cellspacing=\"0\" cellpadding=\"0\" border=\"0\"><tbody><tr><td class=\"table-row-td\" style=\"font-family: Arial, sans-serif; line-height: 19px; color: #444444; font-size: 13px; font-weight: normal; padding-left: 36px; padding-right: 36px;\" valign=\"top\" align=\"left\">\r\n  <TABLE class=\"table-col\" align=\"left\" width=\"630\" cellspacing=\"0\" cellpadding=\"0\" border=\"0\" style=\"table-layout: fixed;\">\r\n	<tbody>\r\n		<tr>\r\n			<td class=\"table-col-td\" width=\"378\" style=\"font-family: Arial, sans-serif; line-height: 19px; color: #444444; font-size: 13px; font-weight: normal; width: 378px;\" valign=\"top\" align=\"left\">\r\n				\r\n				<DIV style=\"font-family: Arial, sans-serif; line-height: 20px; color: #444444; font-size: 13px;\">\r\n				  <p><b style=\"color: #777777;\">Hi ##Name##.<br>\r\n						Thank you for registering with DCSI as one of the supplier. Our team has reviewed your registeration details and we approved accordingly. Now you may login and add your products </b></p>\r\n				  <p><b>Thank you for connecting with us</b>\r\n					\r\n				  </p>\r\n				</DIV>\r\n			</td>\r\n		</tr>\r\n	</tbody>\r\n	</TABLE>\r\n</td></tr></tbody></TABLE>\r\n\r\n<TABLE class=\"table-row-fixed\" width=\"450\" bgcolor=\"#FFFFFF\" style=\"table-layout: fixed; background-color: #ffffff;\" cellspacing=\"0\" cellpadding=\"0\" border=\"0\"><tbody><tr><td class=\"table-row-fixed-td\" style=\"font-family: Arial, sans-serif; line-height: 19px; color: #444444; font-size: 13px; font-weight: normal; padding-left: 1px; padding-right: 1px;\" valign=\"top\" align=\"left\">\r\n  <TABLE class=\"table-col\" align=\"left\" width=\"448\" cellspacing=\"0\" cellpadding=\"0\" border=\"0\" style=\"table-layout: fixed;\"><tbody><tr><td class=\"table-col-td\" width=\"448\" style=\"font-family: Arial, sans-serif; line-height: 19px; color: #444444; font-size: 13px; font-weight: normal;\" valign=\"top\" align=\"left\">\r\n  </td></tr></tbody></TABLE>\r\n</td></tr></tbody></TABLE>\r\n<TABLE class=\"table-space\" height=\"1\" style=\"height: 1px; font-size: 0px; line-height: 0; width: 450px; background-color: #ffffff;\" width=\"450\" bgcolor=\"#FFFFFF\" cellspacing=\"0\" cellpadding=\"0\" border=\"0\"><tbody><tr><td class=\"table-space-td\" valign=\"middle\" height=\"1\" style=\"height: 1px; width: 450px; background-color: #ffffff;\" width=\"450\" bgcolor=\"#FFFFFF\" align=\"left\">&nbsp;</td></tr></tbody></TABLE>\r\n<TABLE class=\"table-space\" height=\"36\" style=\"height: 36px; font-size: 0px; line-height: 0; width: 450px; background-color: #e4e6e9;\" width=\"450\" bgcolor=\"#E4E6E9\" cellspacing=\"0\" cellpadding=\"0\" border=\"0\"><tbody><tr><td class=\"table-space-td\" valign=\"middle\" height=\"36\" style=\"height: 36px; width: 450px; background-color: #e4e6e9;\" width=\"450\" bgcolor=\"#E4E6E9\" align=\"left\">&nbsp;</td></tr></tbody></TABLE></td></tr></TABLE>\r\n</td></tr>\r\n </TABLE>\r\n </body>\r\n </html>           '),(2,'REGISTRATION REJECTION','REGISTRATION_REJECT',' <!doctype html>\r\n <html xmlns=\"http://www.w3.org/1999/xhtml\">\r\n <head>\r\n  <meta http-equiv=\"Content-Type\" content=\"text/html; charset=UTF-8\" />\r\n  <meta NAME=\"viewport\" content=\"initial-scale=1.0\" />\r\n  <meta NAME=\"format-detection\" content=\"telephone=no\" />\r\n  <title></title>\r\n  <style TYPE=\"text/css\">\r\n    body {\r\n        width: 100%;\r\n        margin: 0;\r\n        padding: 0;\r\n        -webkit-font-smoothing: antialiased;\r\n    }\r\n    @media only screen AND (MAX-width: 800px) {\r\n        TABLE[class=\"table-row\"] {\r\n            FLOAT: NONE !important;\r\n            width: 98% !important;\r\n            padding-LEFT: 20px !important;\r\n            padding-RIGHT: 20px !important;\r\n        }\r\n        TABLE[class=\"table-row-fixed\"] {\r\n            FLOAT: NONE !important;\r\n            width: 98% !important;\r\n        }\r\n        TABLE[class=\"table-col\"], TABLE[class=\"table-col-border\"] {\r\n            FLOAT: NONE !important;\r\n            width: 100% !important;\r\n            padding-LEFT: 0 !important;\r\n            padding-RIGHT: 0 !important;\r\n            TABLE-layout: FIXED;\r\n        }\r\n        td[class=\"table-col-td\"] {\r\n            width: 100% !important;\r\n        }\r\n        TABLE[class=\"table-col-border\"] + TABLE[class=\"table-col-border\"] {\r\n            padding-top: 12px;\r\n            margin-top: 12px;\r\n            border-top: 1px solid #E8E8E8;\r\n        }\r\n        TABLE[class=\"table-col\"] + TABLE[class=\"table-col\"] {\r\n            margin-top: 15px;\r\n        }\r\n        td[class=\"table-row-td\"] {\r\n            padding-LEFT: 0 !important;\r\n            padding-RIGHT: 0 !important;\r\n        }\r\n        TABLE[class=\"navbar-row\"] , td[class=\"navbar-row-td\"] {\r\n            width: 100% !important;\r\n        }\r\n        img {\r\n            MAX-width: 100% !important;\r\n            display: inline !important;\r\n        }\r\n        img[class=\"pull-right\"] {\r\n            FLOAT: RIGHT;\r\n            margin-LEFT: 11px;\r\n            MAX-width: 125px !important;\r\n            padding-bottom: 0 !important;\r\n        }\r\n        img[class=\"pull-left\"] {\r\n            FLOAT: LEFT;\r\n            margin-RIGHT: 11px;\r\n            MAX-width: 125px !important;\r\n            padding-bottom: 0 !important;\r\n        }\r\n        TABLE[class=\"table-space\"], TABLE[class=\"header-row\"] {\r\n            FLOAT: NONE !important;\r\n            width: 98% !important;\r\n        }\r\n        td[class=\"header-row-td\"] {\r\n            width: 100% !important;\r\n        }\r\n    }\r\n    @media only screen AND (MAX-width: 480px) {\r\n        TABLE[class=\"table-row\"] {\r\n            padding-LEFT: 16px !important;\r\n            padding-RIGHT: 16px !important;\r\n        }\r\n    }\r\n    @media only screen AND (MAX-width: 320px) {\r\n        TABLE[class=\"table-row\"] {\r\n            padding-LEFT: 12px !important;\r\n            padding-RIGHT: 12px !important;\r\n        }\r\n    }\r\n    @media only screen AND (MAX-width: 458px) {\r\n        td[class=\"table-td-wrap\"] {\r\n            width: 100% !important;\r\n        }\r\n    }\r\n  </style>\r\n </head>\r\n <body style=\"font-family: Arial, sans-serif; font-size:13px; color: #444444; min-height: 200px;\" bgcolor=\"#E4E6E9\" leftmargin=\"0\" topmargin=\"0\" marginheight=\"0\" marginwidth=\"0\">\r\n	<TABLE class=\"table-row\" width=\"680\" bgcolor=\"#FFFFFF\" style=\"table-layout: fixed; background-color: #ffffff;\" cellspacing=\"0\" cellpadding=\"0\" border=\"0\"><tbody><tr><td class=\"table-row-td\" style=\"font-family: Arial, sans-serif; line-height: 19px; color: #444444; font-size: 13px; font-weight: normal; padding-left: 36px; padding-right: 36px;\" valign=\"top\" align=\"left\">\r\n  <TABLE class=\"table-col\" align=\"left\" width=\"630\" cellspacing=\"0\" cellpadding=\"0\" border=\"0\" style=\"table-layout: fixed;\">\r\n	<tbody>\r\n		<tr>\r\n			<td class=\"table-col-td\" width=\"378\" style=\"font-family: Arial, sans-serif; line-height: 19px; color: #444444; font-size: 13px; font-weight: normal; width: 378px;\" valign=\"top\" align=\"left\">\r\n				\r\n				<DIV style=\"font-family: Arial, sans-serif; line-height: 20px; color: #444444; font-size: 13px;\">\r\n				  <p><b style=\"color: #777777;\">Hi ##Name##.<br>\r\n						Thank you for submitting application for registration with us. However, we are sorry that your application has been rejected due to ##REJECT_REASON##. </b></p>\r\n				  <p><b>Thank you for connecting with us</b>\r\n					\r\n				  </p>\r\n				</DIV>\r\n			</td>\r\n		</tr>\r\n	</tbody>\r\n	</TABLE>\r\n</td></tr></tbody></TABLE>\r\n\r\n<TABLE class=\"table-row-fixed\" width=\"450\" bgcolor=\"#FFFFFF\" style=\"table-layout: fixed; background-color: #ffffff;\" cellspacing=\"0\" cellpadding=\"0\" border=\"0\"><tbody><tr><td class=\"table-row-fixed-td\" style=\"font-family: Arial, sans-serif; line-height: 19px; color: #444444; font-size: 13px; font-weight: normal; padding-left: 1px; padding-right: 1px;\" valign=\"top\" align=\"left\">\r\n  <TABLE class=\"table-col\" align=\"left\" width=\"448\" cellspacing=\"0\" cellpadding=\"0\" border=\"0\" style=\"table-layout: fixed;\"><tbody><tr><td class=\"table-col-td\" width=\"448\" style=\"font-family: Arial, sans-serif; line-height: 19px; color: #444444; font-size: 13px; font-weight: normal;\" valign=\"top\" align=\"left\">\r\n  </td></tr></tbody></TABLE>\r\n</td></tr></tbody></TABLE>\r\n<TABLE class=\"table-space\" height=\"1\" style=\"height: 1px; font-size: 0px; line-height: 0; width: 450px; background-color: #ffffff;\" width=\"450\" bgcolor=\"#FFFFFF\" cellspacing=\"0\" cellpadding=\"0\" border=\"0\"><tbody><tr><td class=\"table-space-td\" valign=\"middle\" height=\"1\" style=\"height: 1px; width: 450px; background-color: #ffffff;\" width=\"450\" bgcolor=\"#FFFFFF\" align=\"left\">&nbsp;</td></tr></tbody></TABLE>\r\n<TABLE class=\"table-space\" height=\"36\" style=\"height: 36px; font-size: 0px; line-height: 0; width: 450px; background-color: #e4e6e9;\" width=\"450\" bgcolor=\"#E4E6E9\" cellspacing=\"0\" cellpadding=\"0\" border=\"0\"><tbody><tr><td class=\"table-space-td\" valign=\"middle\" height=\"36\" style=\"height: 36px; width: 450px; background-color: #e4e6e9;\" width=\"450\" bgcolor=\"#E4E6E9\" align=\"left\">&nbsp;</td></tr></tbody></TABLE></td></tr></TABLE>\r\n</td></tr>\r\n </TABLE>\r\n </body>\r\n </html>           '),(3,'REGISTRATION SUBMISSION','REGISTRATION_SUBMISSION',' <!doctype html>\r\n <html xmlns=\"http://www.w3.org/1999/xhtml\">\r\n <head>\r\n  <meta http-equiv=\"Content-Type\" content=\"text/html; charset=UTF-8\" />\r\n  <meta NAME=\"viewport\" content=\"initial-scale=1.0\" />\r\n  <meta NAME=\"format-detection\" content=\"telephone=no\" />\r\n  <title></title>\r\n  <style TYPE=\"text/css\">\r\n    body {\r\n        width: 100%;\r\n        margin: 0;\r\n        padding: 0;\r\n        -webkit-font-smoothing: antialiased;\r\n    }\r\n    @media only screen AND (MAX-width: 800px) {\r\n        TABLE[class=\"table-row\"] {\r\n            FLOAT: NONE !important;\r\n            width: 98% !important;\r\n            padding-LEFT: 20px !important;\r\n            padding-RIGHT: 20px !important;\r\n        }\r\n        TABLE[class=\"table-row-fixed\"] {\r\n            FLOAT: NONE !important;\r\n            width: 98% !important;\r\n        }\r\n        TABLE[class=\"table-col\"], TABLE[class=\"table-col-border\"] {\r\n            FLOAT: NONE !important;\r\n            width: 100% !important;\r\n            padding-LEFT: 0 !important;\r\n            padding-RIGHT: 0 !important;\r\n            TABLE-layout: FIXED;\r\n        }\r\n        td[class=\"table-col-td\"] {\r\n            width: 100% !important;\r\n        }\r\n        TABLE[class=\"table-col-border\"] + TABLE[class=\"table-col-border\"] {\r\n            padding-top: 12px;\r\n            margin-top: 12px;\r\n            border-top: 1px solid #E8E8E8;\r\n        }\r\n        TABLE[class=\"table-col\"] + TABLE[class=\"table-col\"] {\r\n            margin-top: 15px;\r\n        }\r\n        td[class=\"table-row-td\"] {\r\n            padding-LEFT: 0 !important;\r\n            padding-RIGHT: 0 !important;\r\n        }\r\n        TABLE[class=\"navbar-row\"] , td[class=\"navbar-row-td\"] {\r\n            width: 100% !important;\r\n        }\r\n        img {\r\n            MAX-width: 100% !important;\r\n            display: inline !important;\r\n        }\r\n        img[class=\"pull-right\"] {\r\n            FLOAT: RIGHT;\r\n            margin-LEFT: 11px;\r\n            MAX-width: 125px !important;\r\n            padding-bottom: 0 !important;\r\n        }\r\n        img[class=\"pull-left\"] {\r\n            FLOAT: LEFT;\r\n            margin-RIGHT: 11px;\r\n            MAX-width: 125px !important;\r\n            padding-bottom: 0 !important;\r\n        }\r\n        TABLE[class=\"table-space\"], TABLE[class=\"header-row\"] {\r\n            FLOAT: NONE !important;\r\n            width: 98% !important;\r\n        }\r\n        td[class=\"header-row-td\"] {\r\n            width: 100% !important;\r\n        }\r\n    }\r\n    @media only screen AND (MAX-width: 480px) {\r\n        TABLE[class=\"table-row\"] {\r\n            padding-LEFT: 16px !important;\r\n            padding-RIGHT: 16px !important;\r\n        }\r\n    }\r\n    @media only screen AND (MAX-width: 320px) {\r\n        TABLE[class=\"table-row\"] {\r\n            padding-LEFT: 12px !important;\r\n            padding-RIGHT: 12px !important;\r\n        }\r\n    }\r\n    @media only screen AND (MAX-width: 458px) {\r\n        td[class=\"table-td-wrap\"] {\r\n            width: 100% !important;\r\n        }\r\n    }\r\n  </style>\r\n </head>\r\n <body style=\"font-family: Arial, sans-serif; font-size:13px; color: #444444; min-height: 200px;\" bgcolor=\"#E4E6E9\" leftmargin=\"0\" topmargin=\"0\" marginheight=\"0\" marginwidth=\"0\">\r\n	<TABLE class=\"table-row\" width=\"680\" bgcolor=\"#FFFFFF\" style=\"table-layout: fixed; background-color: #ffffff;\" cellspacing=\"0\" cellpadding=\"0\" border=\"0\"><tbody><tr><td class=\"table-row-td\" style=\"font-family: Arial, sans-serif; line-height: 19px; color: #444444; font-size: 13px; font-weight: normal; padding-left: 36px; padding-right: 36px;\" valign=\"top\" align=\"left\">\r\n  <TABLE class=\"table-col\" align=\"left\" width=\"630\" cellspacing=\"0\" cellpadding=\"0\" border=\"0\" style=\"table-layout: fixed;\">\r\n	<tbody>\r\n		<tr>\r\n			<td class=\"table-col-td\" width=\"378\" style=\"font-family: Arial, sans-serif; line-height: 19px; color: #444444; font-size: 13px; font-weight: normal; width: 378px;\" valign=\"top\" align=\"left\">\r\n				\r\n				<DIV style=\"font-family: Arial, sans-serif; line-height: 20px; color: #444444; font-size: 13px;\">\r\n				  <p><b style=\"color: #777777;\">Hi ##Name##.<br>\r\n						Thank you for submitting application for registration with us. Our team will review your details soon as possible and contact you throuth this mail. </b></p>\r\n				  <p><b>Thank you for connecting with us</b>\r\n					\r\n				  </p>\r\n				</DIV>\r\n			</td>\r\n		</tr>\r\n	</tbody>\r\n	</TABLE>\r\n</td></tr></tbody></TABLE>\r\n\r\n<TABLE class=\"table-row-fixed\" width=\"450\" bgcolor=\"#FFFFFF\" style=\"table-layout: fixed; background-color: #ffffff;\" cellspacing=\"0\" cellpadding=\"0\" border=\"0\"><tbody><tr><td class=\"table-row-fixed-td\" style=\"font-family: Arial, sans-serif; line-height: 19px; color: #444444; font-size: 13px; font-weight: normal; padding-left: 1px; padding-right: 1px;\" valign=\"top\" align=\"left\">\r\n  <TABLE class=\"table-col\" align=\"left\" width=\"448\" cellspacing=\"0\" cellpadding=\"0\" border=\"0\" style=\"table-layout: fixed;\"><tbody><tr><td class=\"table-col-td\" width=\"448\" style=\"font-family: Arial, sans-serif; line-height: 19px; color: #444444; font-size: 13px; font-weight: normal;\" valign=\"top\" align=\"left\">\r\n  </td></tr></tbody></TABLE>\r\n</td></tr></tbody></TABLE>\r\n<TABLE class=\"table-space\" height=\"1\" style=\"height: 1px; font-size: 0px; line-height: 0; width: 450px; background-color: #ffffff;\" width=\"450\" bgcolor=\"#FFFFFF\" cellspacing=\"0\" cellpadding=\"0\" border=\"0\"><tbody><tr><td class=\"table-space-td\" valign=\"middle\" height=\"1\" style=\"height: 1px; width: 450px; background-color: #ffffff;\" width=\"450\" bgcolor=\"#FFFFFF\" align=\"left\">&nbsp;</td></tr></tbody></TABLE>\r\n<TABLE class=\"table-space\" height=\"36\" style=\"height: 36px; font-size: 0px; line-height: 0; width: 450px; background-color: #e4e6e9;\" width=\"450\" bgcolor=\"#E4E6E9\" cellspacing=\"0\" cellpadding=\"0\" border=\"0\"><tbody><tr><td class=\"table-space-td\" valign=\"middle\" height=\"36\" style=\"height: 36px; width: 450px; background-color: #e4e6e9;\" width=\"450\" bgcolor=\"#E4E6E9\" align=\"left\">&nbsp;</td></tr></tbody></TABLE></td></tr></TABLE>\r\n</td></tr>\r\n </TABLE>\r\n </body>\r\n </html>           ');

/*Table structure for table `t_news_announcement` */

DROP TABLE IF EXISTS `t_news_announcement`;

CREATE TABLE `t_news_announcement` (
  `Id` int(20) NOT NULL auto_increment,
  `News_title` text,
  `Description` text,
  `Image` blob,
  `Post_date` timestamp NOT NULL default CURRENT_TIMESTAMP,
  `Status` enum('Active','InActive') default 'Active',
  PRIMARY KEY  (`Id`)
) ENGINE=InnoDB AUTO_INCREMENT=4 DEFAULT CHARSET=latin1;

/*Data for the table `t_news_announcement` */

insert  into `t_news_announcement`(`Id`,`News_title`,`Description`,`Image`,`Post_date`,`Status`) values (3,'Ground Breaking Ceremony for Construction of Pasakha Dry Port','<p style=\"text-align: justify; box-sizing: inherit; margin-bottom: 15px; color: rgb(114, 114, 114); font-family: dzongkha, dzongkha; font-size: 14px;\"><span style=\"font-size: 12px;\">Dasho Sonam Wangyel, Secretary for Ministry of Home and Cultural Affairs who is also the Chairman of the SC19TF graced the Salang Tendril (ground breaking ceremony) for the construction of Pasakha Dry port in Phuentsholing. The ceremony was also attended by the members of SC19TF, Consul General of the Embassy of India and the regional heads of Phuentsholing.</span></p><p style=\"text-align: justify; box-sizing: inherit; margin-bottom: 15px; color: rgb(114, 114, 114); font-family: dzongkha, dzongkha; font-size: 14px;\"><span style=\"font-size: 14px; font-family: Arial;\">Pasakha dry port is one of the biggest infrastructural development projects undertaken by the Department of Trade. It is part of the government’s continuous efforts to facilitate trade and improve logistical facilities for our import and export. The prefeasibility study was carried out in 2016/17 with the financial and technical assistance from the World Bank. The need for dry port facilities has become critical and necessary to address logistical challenges faced by a landlocked country like Bhutan for export and business.</span></p><p style=\"text-align: justify; box-sizing: inherit; margin-bottom: 15px; color: rgb(114, 114, 114); font-family: dzongkha, dzongkha; font-size: 14px;\"><span style=\"font-size: 14px; font-family: Arial;\">Pasakha dry port is being developed on an area of 15.06 acres which is strategically located near Pasakha industries and Bhutan-Indo border at Ahllay land custom station. The project is financed under the Trade support Facility program supported by the Government of India with overall cost estimation of around 1.7 billion.</span></p><p style=\"text-align: justify; box-sizing: inherit; margin-bottom: 15px; color: rgb(114, 114, 114); font-family: dzongkha, dzongkha; font-size: 14px;\"><span style=\"font-size: 14px; font-family: Arial;\">The project has three major packages to be executed. The construction of 1.2 km length boundary RCC wall which is currently underway is the first package and is scheduled to be completed towards end of 2021. Other major packages in the pipeline include approach road to the project site, refilling of the project area, and the construction of civil structures such as administrative building, guest house, warehouses and internal roads.</span></p><p style=\"text-align: justify; box-sizing: inherit; margin-bottom: 15px; color: rgb(114, 114, 114); font-family: dzongkha, dzongkha; font-size: 14px;\"><span style=\"font-size: 14px; font-family: Arial;\">The construction of Pasakha dry port is expected to significantly address logistical challenges faced by the private sector such as processing of import/export, transshipment of cargoes, long transit times, and high freight costs for movement of goods across the border. The port will also help reduce the risk of damages and pilferages to cargo during the processing, storage, and transshipment while providing improved facilities for traders. The dry port will cater for import and export of goods for/from western and central regions of Bhutan, besides Pasakha industries.</span></p><p style=\"text-align: justify; box-sizing: inherit; margin-bottom: 15px; color: rgb(114, 114, 114); font-family: dzongkha, dzongkha; font-size: 14px;\"><span style=\"font-size: 14px; font-family: Arial;\">The construction of RCC wall has been awarded to Hi-Tech Construction Co. at an evaluated cost of 194.7 million. The project employs close to 180 employees, out of which more than 95% are Bhutanese workers from southern dzongkhags. The construction is carried out in a self-contained mode under strict compliance to the Covid-19 containment protocols issued by Covid-19 taskforce and Ministry of Health.</span></p><p style=\"text-align: justify; box-sizing: inherit; margin-bottom: 15px; color: rgb(114, 114, 114); font-family: dzongkha, dzongkha; font-size: 14px;\"><span style=\"font-size: 14px; font-family: Arial;\">The project is implemented by Project Implementation Unit based in Pasakha under Department of Trade, Ministry of Economic Affairs. The development of overall project is expected to be completed by early 2024.</span></p>','../uploads/NewsAnnouncement/news1.png','2021-02-16 10:51:17','Active');

/*Table structure for table `t_order_details` */

DROP TABLE IF EXISTS `t_order_details`;

CREATE TABLE `t_order_details` (
  `Id` int(11) NOT NULL auto_increment,
  `Name` varchar(200) NOT NULL,
  `Email` varchar(100) NOT NULL,
  `Contact_No` varchar(100) NOT NULL,
  `Quantity` varchar(11) NOT NULL,
  `Product_Id` int(11) NOT NULL,
  `Company_Id` int(11) NOT NULL,
  `Submitted_Date` timestamp NOT NULL default CURRENT_TIMESTAMP on update CURRENT_TIMESTAMP,
  PRIMARY KEY  (`Id`)
) ENGINE=InnoDB AUTO_INCREMENT=2 DEFAULT CHARSET=latin1;

/*Data for the table `t_order_details` */

insert  into `t_order_details`(`Id`,`Name`,`Email`,`Contact_No`,`Quantity`,`Product_Id`,`Company_Id`,`Submitted_Date`) values (1,'Sonam Dorji','sonam@bhutansyncits.com','17458669','1',4,1,'2021-03-02 05:29:29');

/*Table structure for table `t_partner_details` */

DROP TABLE IF EXISTS `t_partner_details`;

CREATE TABLE `t_partner_details` (
  `Id` int(11) NOT NULL auto_increment,
  `Name` varchar(200) default NULL,
  `Image` varchar(255) default NULL,
  `Description` text,
  `status` enum('Active','InActive') default 'Active',
  PRIMARY KEY  (`Id`)
) ENGINE=InnoDB AUTO_INCREMENT=2 DEFAULT CHARSET=latin1;

/*Data for the table `t_partner_details` */

insert  into `t_partner_details`(`Id`,`Name`,`Image`,`Description`,`status`) values (1,'The Asian and Pacific Centre for Transfer of Technology(APCTT)','apctt.jpg','<div style=\"text-align: justify;\"><span style=\"font-size: 14px;\">The Asian and Pacific Centre for Transfer of Technology (APCTT) is a regional institution of the United Nations Economic and Social Commission for Asia and the Pacific servicing the Asia-Pacific region.</span></div><div style=\"text-align: justify;\"><span style=\"font-size: 14px;\">The Centre works towards strengthening the national capacity of member States to nurture and promote national innovation systems and to create an enabling environment for the development and transfer of technology. The Centre was established in 1977 in Bangalore, India, and moved to New Delhi in 1993.</span></div><p style=\"text-align: justify;\"><span style=\"font-weight: bolder; font-size: 14px;\">1. Science, Technology, and Innovation</span></p><p style=\"text-align: justify;\"><span style=\"font-size: 14px;\">APCTT assists member countries in the development and management of sound National Innovation Systems. We provide capacity-building support to foster technology innovation, technology-based entrepreneurship, and competitiveness of Small and Medium-Sized Enterprises.</span></p><p style=\"text-align: justify;\"><span style=\"font-weight: bolder; font-size: 14px;\">2. Technology Transfer</span></p><p style=\"text-align: justify;\"><span style=\"font-size: 14px;\">APCTT provides capacity-building support to member countries to develop, transfer, commercialize, and adopt new and emerging technologies that have the transformative potential to achieve Sustainable Development Goals.&nbsp;</span><span style=\"font-weight: bolder;\"><br></span></p><p style=\"text-align: justify;\"><span style=\"font-weight: bolder; font-size: 14px;\">3. Regional Cooperation</span></p><p style=\"text-align: justify;\"><span style=\"font-size: 14px;\">APCTT works to promote regional cooperation and networking related to Science, Technology, and Innovation policymaking and technology transfer.&nbsp;</span></p><p style=\"text-align: justify;\"><span style=\"font-weight: bolder; font-size: 14px;\">4. Technology Intelligence</span></p><p style=\"text-align: justify;\"><span style=\"font-size: 14px;\">APCTT publishes several knowledge products, including the Asia-Pacific Tech Monitor, to disseminate information on new and emerging issues related to Science, Technology, and Innovation policy, latest technological innovations, market developments, and events.&nbsp;</span></p><div><br></div>','Active');

/*Table structure for table `t_product_images` */

DROP TABLE IF EXISTS `t_product_images`;

CREATE TABLE `t_product_images` (
  `Id` int(11) NOT NULL auto_increment,
  `Image_Name` varchar(200) NOT NULL,
  `Product_Id` int(11) NOT NULL,
  PRIMARY KEY  (`Id`),
  KEY `FK_t_product_images_mappng` (`Product_Id`),
  CONSTRAINT `FK_t_product_images_mappng` FOREIGN KEY (`Product_Id`) REFERENCES `t_products_master` (`Id`)
) ENGINE=InnoDB AUTO_INCREMENT=46 DEFAULT CHARSET=latin1;

/*Data for the table `t_product_images` */

insert  into `t_product_images`(`Id`,`Image_Name`,`Product_Id`) values (1,'uploads/productImages/comp1/electric-deck-oven-250x250.jpg',1),(2,'uploads/productImages/comp1/electric-deck-oven-250x250.jpg',1),(3,'uploads/productImages/comp1/electric-deck-oven-250x250.jpg',1),(4,'uploads/productImages/comp1/double-deck-oven-500x500.jpg',2),(5,'uploads/productImages/comp1/double-deck-oven-500x500.jpg',2),(6,'uploads/productImages/comp1/double-deck-oven-500x500.jpg',2),(7,'uploads/productImages/comp1/yogurt-incubator-500x500.jpg',4),(8,'uploads/productImages/comp1/double-deck-oven-with-trolley-system-500x500.jpg',4),(9,'uploads/productImages/comp1/yogurt-incubator-500x500.jpg',4),(10,'uploads/productImages/comp1/mild-steel-bread-slicer-500x500.jpg',5),(11,'uploads/productImages/comp1/mild-steel-bread-slicer-500x500.jpg',5),(12,'uploads/productImages/comp1/mild-steel-bread-slicer-500x500.jpg',5),(13,'uploads/productImages/comp1/sewing-machines-250x250.jpg',6),(14,'uploads/productImages/comp1/sewing-machines-250x250.jpg',6),(15,'uploads/productImages/comp1/sewing-machines-250x250.jpg',6),(16,'uploads/productImages/comp1/neck-cutting-band-saw-machine-500x500.jpg',7),(17,'uploads/productImages/comp1/neck-cutting-band-saw-machine-500x500.jpg',7),(18,'uploads/productImages/comp1/neck-cutting-band-saw-machine-500x500.jpg',7),(19,'uploads/productImages/comp1/balling-machine.jpg',8),(20,'uploads/productImages/comp1/balling-machine.jpg',8),(21,'uploads/productImages/comp1/balling-machine.jpg',8),(22,'uploads/productImages/comp1/high-speed-bread-slicer-13-oc6-ss-500x500.jpg',9),(23,'uploads/productImages/comp1/double-mitre-saw-in-heavy-duty-digital-control-digital-d-500x500.jpg',9),(24,'uploads/productImages/comp1/balling-machine.jpg',9),(25,'uploads/productImages/comp1/candy-packing-machine-500x500.jpg',10),(26,'uploads/productImages/comp1/candy-packing-machine-500x500.jpg',10),(27,'uploads/productImages/comp1/candy-packing-machine-500x500.jpg',10),(28,'uploads/productImages/comp1/rf-270s-degree-cutting-2-speed-band-saw-machine-500x500.jpg',12),(29,'uploads/productImages/comp1/rf-270s-degree-cutting-2-speed-band-saw-machine-500x500.jpg',12),(30,'uploads/productImages/comp1/rf-270s-degree-cutting-2-speed-band-saw-machine-500x500.jpg',12),(31,'uploads/productImages/comp1/milk-pasteurization-plant-500x500.jpg',13),(32,'uploads/productImages/comp1/milk-pasteurization-plant-500x500.jpg',13),(33,'uploads/productImages/comp1/milk-pasteurization-plant-500x500.jpg',13),(34,'uploads/productImages/comp1/deep-frier-friench-frier-electric-gas-14-ltr-500x500.jpg',14),(35,'uploads/productImages/comp1/deep-frier-friench-frier-electric-gas-14-ltr-500x500.jpg',14),(36,'uploads/productImages/comp1/deep-frier-friench-frier-electric-gas-14-ltr-500x500.jpg',14),(37,'uploads/productImages/comp1/dough-kneader-machine-500x500-(1).jpg',15),(38,'uploads/productImages/comp1/dough-kneader-machine-500x500.jpg',15),(39,'uploads/productImages/comp1/dough-mixer-500x500.jpg',15),(40,'uploads/productImages/comp1/manual-cream-separator-500x500.jpg',16),(41,'uploads/productImages/comp1/manual-cream-separator-500x500.jpg',16),(42,'uploads/productImages/comp1/manual-cream-separator-500x500.jpg',16),(43,'uploads/productImages/comp1/bosch-gcm-10-mx-mitre-saw-professional-500x500.jpg',17),(44,'uploads/productImages/comp1/bosch-gcm-10-mx-mitre-saw-professional-500x500.jpg',17),(45,'uploads/productImages/comp1/bosch-gcm-10-mx-mitre-saw-professional-500x500.jpg',17);

/*Table structure for table `t_products_master` */

DROP TABLE IF EXISTS `t_products_master`;

CREATE TABLE `t_products_master` (
  `Id` int(50) NOT NULL auto_increment,
  `Product_Name` varchar(255) NOT NULL,
  `Category_Id` int(11) NOT NULL,
  `Company_Id` int(11) NOT NULL,
  `Price` varchar(255) NOT NULL,
  `Model_No` varchar(255) default NULL,
  `Description` text,
  `Last_Updated_Date` datetime NOT NULL,
  `Status` enum('Active','InActive') NOT NULL default 'Active',
  PRIMARY KEY  (`Id`),
  KEY `FK_t_products_category_mapping` (`Category_Id`),
  CONSTRAINT `FK_t_products_category_mapping` FOREIGN KEY (`Category_Id`) REFERENCES `t_category_master` (`Id`)
) ENGINE=InnoDB AUTO_INCREMENT=18 DEFAULT CHARSET=latin1;

/*Data for the table `t_products_master` */

insert  into `t_products_master`(`Id`,`Product_Name`,`Category_Id`,`Company_Id`,`Price`,`Model_No`,`Description`,`Last_Updated_Date`,`Status`) values (1,'Gas Large Double Deck Oven',2,1,'90,000','122333','Product Specification\nFor Baking	Bread/Bun\nOperation Type	Automatic\nPower Source	Gas\nSize	Large\nNumber Of Decks	Double\nUsage/Application	Bakery\nCapacity	100-500 Kg\nDoor Type	Double Door\nBody Material	Stainless Steel\nBrand	Sri Brothers Enterprises\nWeight	155 kg\nTemperature	Up to 300 degree C\nFrequency	50 Hz\nVoltage	380 V','2021-03-02 01:14:50','Active'),(2,'Electric Large Double Deck Oven',2,1,'200,000','11111','Product Specification\nFor Baking	Bread/Bun\nOperation Type	Automatic\nPower Source	Gas\nSize	Large\nNumber Of Decks	Double\nUsage/Application	Bakery\nCapacity	100-500 Kg\nDoor Type	Double Door\nBody Material	Stainless Steel\nBrand	Sri Brothers Enterprises\nWeight	155 kg\nTemperature	Up to 300 degree C\nFrequency	50 Hz\nVoltage	380 V','2021-03-02 01:16:38','Active'),(3,' Ss Yogurt Incubator, Capacity: 500 Litres/Hr',1,1,'1.44 Lakh','','Product Specification\nCapacity	500 litres/hr\nEquipment Type	YOGURT INCUBATOR\nMaterial	SS\nAutomation Grade	Automatic\nPhase	Single\nVoltage	220 / 440\nBrand	KIRAN\nMinimum Order Quantity	1 Piece\nProduct Description\nProduct Description\n\nYOGURT INCUBATOR are one of the finest quality milk processing equipment used prominently is food processing & dairy industries.\nIt is milk processing equipment used for speeding up the bacterial fermentation process if the milk which results in yogurt or dahi. Yogurt is further processed to make many other products like Ghee, shrikhand etc.\nDahi incubator/Yogurt Incubator a milk processing equipment that follows a simple process for making dahi or yogurt wherein the milk is boiled and then cooled to the room temperature. This cooled milk is then mixed with bacterial culture which is used for the milk fermentation. After the thorough mixing of the milk it is then filled in the plastic cups and incubated to 300-350C for about 2 to 4 hrs.\n\n BENEFITS & ADVANTAGES\nForced convection system ensures good mixing, strong dispersion and maintains higher temperature uniformity inside the chamber.\nSynthetic door gasket made of neoprene on the double walled door.\nUser oriented design of shelves makes you adjust each space of shelves without difficulty.\n CONSTRUCTIONAL FEATURES\nOuter body made up of PCGI steel sheet duly powder coated. Inner chamber and perforated trays made of stainless steel (SS-304).\nSpace between inner chamber and outer wall is filled with high grade insulation for minimal heat dissipation.\n\n Bigger sized units mounted on caster wheels for easy portability.\n\n Door fitted with heavy duty hinges and door handle ensuring there are no leakages through the door gasket.\nSynthetic door gasket made of neoprene rubber is fitted to all KIRAN units instead of asbestos. \nTo work on 220/230V AV, 50/60 Hz supply','2021-03-02 01:19:45','Active'),(4,'Ss Yogurt Incubator, Capacity: 500 Litres/Hr',1,1,'1.44 Lakh','122333','Product Specification\nCapacity	500 litres/hr\nEquipment Type	YOGURT INCUBATOR\nMaterial	SS\nAutomation Grade	Automatic\nPhase	Single\nVoltage	220 / 440\nBrand	KIRAN\nMinimum Order Quantity	1 Piece\nProduct Description\nProduct Description\n\nYOGURT INCUBATOR are one of the finest quality milk processing equipment used prominently is food processing & dairy industries.\n\n \n\nIt is milk processing equipment used for speeding up the bacterial fermentation process if the milk which results in yogurt or dahi. Yogurt is further processed to make many other products like Ghee, shrikhand etc.\n\n \n\nDahi incubator/Yogurt Incubator a milk processing equipment that follows a simple process for making dahi or yogurt wherein the milk is boiled and then cooled to the room temperature. This cooled milk is then mixed with bacterial culture which is used for the milk fermentation. After the thorough mixing of the milk it is then filled in the plastic cups and incubated to 300-350C for about 2 to 4 hrs.\n\n \n\n \n\n \n\nBENEFITS & ADVANTAGES\n\n \n\nForced convection system ensures good mixing, strong dispersion and maintains higher temperature uniformity inside the chamber.\n\n \n\nSynthetic door gasket made of neoprene on the double walled door.\n\n \n\nUser oriented design of shelves makes you adjust each space of shelves without difficulty.\n\n \n\n CONSTRUCTIONAL FEATURES\n\n \n\nOuter body made up of PCGI steel sheet duly powder coated. Inner chamber and perforated trays made of stainless steel (SS-304).\n\n \n\nSpace between inner chamber and outer wall is filled with high grade insulation for minimal heat dissipation.\n\n \n\nBigger sized units mounted on caster wheels for easy portability.\n\n \n\nDoor fitted with heavy duty hinges and door handle ensuring there are no leakages through the door gasket.\n\n \n\nSynthetic door gasket made of neoprene rubber is fitted to all KIRAN units instead of asbestos.\n\n \n\nTo work on 220/230V AV, 50/60 Hz supply','2021-03-02 01:20:58','Active'),(5,'Automatic Mild Steel Bread Slicer',2,1,'40000','122333','Product Specification\nOperation Mode	Automatic\nMachine Body Material	Mild Steel\nCapacity	1000 Pieces/day\nMotor Power	0.5 HP\nPhase Type	Single Phase\nVoltage	230V\nBrand	DS\nProduct Description\nBacked by years of industry experience, we are engaged in offering a premium quality range of Mild Steel Bread Slicer.','2021-03-02 01:23:57','Active'),(6,'Sewing Machines',3,1,'50000','1111','The Sewing Machines CN-4 model (Citizen 95 T-10) is designed on the lines of the sewing machines CN-3 with an additional advantage of a slick square arm for grace & beauty. It is widely appreciated for reverse and straight stitching and auto trip bobbin winder-functions. The sewing machine is rewind thread automatically and comes with drawer and double thread for accelerating its speed. It can sew sleeves and easily adjust stitch width for perfect stitching.','2021-03-02 01:26:03','Active'),(7,'Multicut BDC-200 M Neck Cutting Band Saw Machine, For Industrial',1,1,'7 Lakhs','122333','Brand	Multicut\nUsage	Industrial\nCutting Capacity Rectangle (mm)	200 x 200\nHydraulic Tank Capacity (Litre)	70\nCoolant Tank Capacity (Litre)	30\nNet Weight Automatic M/c. (approx.) Kg.	2050\nNet Weight Semi - Automatic (approx.) Kg.	1650\nTotal Power H.P.	4.39\nCutting Speed (m / min)	15 - 95\nFloor Space Size L x W x H mm	2200 x 2100 x 1800\nHydraulic Motor H.P. (1440 Rpm.)	1\nSingle Indexing Stock (mm)	0 to 400\nMultiple Indexing Stock (mm)	9 times\nMain Drive H.P. (1440 Rpm.)	3\nChip Brush Gear Motor (H.P)	0.25\nBlade Size	3760 x 27 x 0.9\nCutting Capacity Round Dia. (mm)	200\nCoolant Motor H.P. (1440 Rpm.)	0.14\nBand Tension	Hydraulic\nSaw Feed Control	Hydraulic\nCutting Taper Accuracy, for En-8mm /100mm	+- 0.2\nCutting Length Accuracy mm / Index	0.2\nMinimum Order Quantity	1 Number\nProduct Description\nBDC-200 M Neck Cutting Band Saw Machine offered provides for smooth working performance and comes with manual angle swivel as well as scissor typing cutting for higher sharp saw blade. Further, the system is designed to provide for quick and easy changing of blade speed as well as come with semi automatic cut cycle for miter straight cutting. Some of its features include manual material feed support; swing arm type band saw machine; provide for versatile cutting operations at 90° with angular cutting support of 0° to 60°; offering economical efficient cutting operations for angles, channels and other steel structures.\n\nFeatures:\n\nLong life\nEfficiency\nPrecise designing ','2021-03-02 01:28:55','Active'),(8,'Mild Steel Scrap Baling Press',1,1,'7 Lakhs','111111','\nMaterial	Mild Steel\nMachine Grade	Automatic\nPhase	3 Phase\nFrequency	50 Hz\nProduct Description\nWe offer Scrap Baling Press for steel & aluminum industries. Designed & developed with highest level of precision, these metal scrap bailing presses efficiently make bales of stainless steel and other metal scraps.\n\nSpecifications:\nDimension(LxWxH): 7950x3950x3500 mm\nVoltage: 220-480 V\nWeight: 13 tons','2021-03-02 01:30:18','Active'),(9,'Stainless Steel Bread Slicer',1,1,'4 Lakhs','0000','ype	Semi-Automatic\nCondition	New\nMaterial	Mild Steel\nMotor	6 hp\nVoltage	480 V\nProduct Description\nWe are occupied with offering an accuracy built scope of Seeds Cleaning Machine that aides in cleaning different types of sustenance grains like wheat, bajra, sesame seed, green gram, dark gram, rice, cumin, mustard seed, aniseeds and others.\n','2021-03-02 01:34:06','Active'),(10,'IPM Candy Packing Machine',1,1,'4.4 lakhs','000000','\nBrand	IPM\nDriven Type	Electric\nAutomation Type	Automatic\nWrapping Material	Heat Sealable Polyester Laminated Material\nDimensions	1900 X 1000 X 1360 mm\nGross Weight	880 kg\nPackaging Capacity	600 Candies Per Minute\nMinimum Order Quantity	01 Piece\nProduct Description\nWe manufacture the qualitative assortment of Candy Packing Machine which is popularly known as pillow wrapping machines. The machine is efficient in its working to wrap candies & any solid shaped products in pillow shape.\nAdditional Information\nDelivery Time	2-3 Weeks\nPort Of Dispatch	Delhi\nPayment Terms	L/C (Letter of Credit)/T/T (Bank Transfer)/Other','2021-03-02 01:36:03','Active'),(11,'Variable Speed Degree Cutting Band Saw machine, Capacity: 225 Mm, Model Name/Number: RF-270SV',2,1,'1.85 Lakhs','0000','Product Specification\nModel Name/Number	RF-270SV\nUsage/Application	Metal Cutting\nCapacity	225 mm\nAutomation Grade	Manual\nSize/Dimension	1420 x 510 x 1142 mm\nBlade Size	27 x 0.9 mm x 2450 mm\nPower	1.5 HP\nBrand	Rong Fu\nProduct Description\nSalient features:??? Vice grip ideal for cutting end pieces.??? Casted parts for enhanced stability and durability.??? Extremely low vibration results in low noise level (<70 dB), better cuts, and longer blade and machine life.??? Degree cutting from 0?? to 60??.??? Variable speed automatic control to set the blade speed depending on the material.??? Mechanical main vice with eccentric movement for faster and easier clamping.??? State of art of Manual Blade Tensioning with inbuilt tension meter.??? Infinitely variable Feed Control Valve for setting the cutting rate.??? Friction type rotating cleaning wire brush.??? Ergonomically designed Electrical Console.??? Separate coolant tank with pump.??? Movable Blade Guide arm for precise cutting and better tool life.??? Machine stops automatically after completion of the cut.','2021-03-02 02:24:56','Active'),(12,'Variable Speed Degree Cutting Band Saw machine, Capacity: 225 Mm, Model Name/Number: RF-270SV',2,1,'1.85 Lakhs','0000','Product Specification\nModel Name/Number	RF-270SV\nUsage/Application	Metal Cutting\nCapacity	225 mm\nAutomation Grade	Manual\nSize/Dimension	1420 x 510 x 1142 mm\nBlade Size	27 x 0.9 mm x 2450 mm\nPower	1.5 HP\nBrand	Rong Fu\nProduct Description\nSalient features:??? Vice grip ideal for cutting end pieces.??? Casted parts for enhanced stability and durability.??? Extremely low vibration results in low noise level (<70 dB), better cuts, and longer blade and machine life.??? Degree cutting from 0?? to 60??.??? Variable speed automatic control to set the blade speed depending on the material.??? Mechanical main vice with eccentric movement for faster and easier clamping.??? State of art of Manual Blade Tensioning with inbuilt tension meter.??? Infinitely variable Feed Control Valve for setting the cutting rate.??? Friction type rotating cleaning wire brush.??? Ergonomically designed Electrical Console.??? Separate coolant tank with pump.??? Movable Blade Guide arm for precise cutting and better tool life.??? Machine stops automatically after completion of the cut.','2021-03-02 02:26:23','Active'),(13,'Milk Pasteurization Machine, Capacity: 500 litres/hr',2,1,'2.50 Lakh','0000','Product Specification\nCapacity	500 litres/hr\nEquipment Type	Milk Pasteurizer\nAutomation Grade	Automatic\nMaterial	SS 304\nPhase	3\nFinishing	2B OR COATED\nI Deal In	New Only\nBrand	3I Tech Engineers\nBody Material	SS\nFrequency	300 LPH TO 10 KLPH\nUsage/Application	Milk Pasteurization Machine\nMinimum Order Quantity	1 Piece\nProduct Description\nHTST Pasteurizer MOC: SS 316/3, 4\n\nBasis of Design: Temperature Program:\n\n4 - 45/50 - 60/65 - 80 - 4 deg C.\n\nIt\'\'s complete with: -\n1. Balance Tank : 100 Ltr\n2. Milk Pump : 1 HP\n3. Conical Filter \n4. Plate Heat Exchanger \n5. Holding Coil for 16 sec \n5. SS Pipe & Fittings \n6. Chilled water Pump \n7. Hot water Pump \n8. Hot water Battery \n9. Flow Diversion valve \n10. Control Valve \n11. Pressure guage \n12. Control Panel \nAdditional Information\nDelivery Time	7 Days\nProduction Capacity	300LPH TO 10 KLPH\nPackaging Details	Plastic Transparent material','2021-03-02 02:30:25','Active'),(14,'DEEP FRIER(FRIENCH FRIER) ELECTRIC/GAS 14 LTR, For Commercial, Size: 27*16*14',3,1,'21,000','000','Product Specification\nUsage/Application	Commercial\nBrand	ARRUTHRA FOOD MACHINES\nSize	27*16*14\nModel Name/Number	DEEP FRIER ELECTRIC/GAS\nWeight	10 Kg\nWarranty	1 Year\nMinimum Order Quantity	1 Unit\nProduct Description\nDescription: Manufactured in compliance with industry laid parameters under strict supervision, these Frying Machine are ideal to minimize physical labour with optimum efficiency. Known for their seamless finish, sturdy construction and minimum electricity consumption, these machines are used for oil frying all types of food materials\nAdditional Information\nDelivery Time	3 Weeks\nProduction Capacity	14 LTR','2021-03-02 02:32:41','Active'),(15,'Biscuit Dough Mixer',3,1,'4 Lakhs','0000','Product Specification\nDesign Type	Standard\nMachine Body Material	Stainless Steel\nPower Source	Electric\nMachine Dimensions (LxWxH)	600 x 930 x 1190(mm)\nMax Dough Capacity	50%water\nWeight	240 kg\nBowl Speed 1st Speed	12.8\nMinimum Order Quantity	1 Piece\nProduct Description\nWe have made principal progress with Bakery Dough Mixer in the market at the present situation. With its great proficiency, this item is requested in different markets.','2021-03-02 02:34:30','Active'),(16,'Milky Stainless Steel Cream Separator semi SS',3,1,'51,000','0000','Product Specification\nCapacity	300 Ltr / Hr\nMachine Body Material	SMS 304\nBrand	Milky\nUsage/Application	milk separation\nProduct Description\nKeeping pace with cutting edge technology, we offer cream separator machine in 500E. The separators are abrasion and rust proof and therefore serve various long duration needs of clients. Manufactured using high quality materials, the machine is durable and can also be customized as per the requirements of clients.\n\n \n\nSpecifications:- 500 Ltr/Hr Electric Operated Cream Separator Machine\n\n \n\nMachine Capacity : 500 Ltr / Hr.\nTank Cap. : 40 Ltr.\nNo of S.S. Discs : 35\nMotor : 1425 RPM Single Phase Electric Motor 0.25 HP / 0.50 HP\nSeparation Temperature: 35 - 40 C / 95-108 F\nSolid Removal Time : 1.5 Hour\nMachine Length : 660 mm X Width : 550 mm X Height : 1200 mm\nMachine Weight : Nett: 70 Kgs Gross : 145 Kgs Approx.\nBowl Material: M.S. / S.S. 304\nSpout Set Material: CRCA Sheet / S.S. 304 Sheet\nReceiving Tank Material: Aluminium Sheet / S.S. 304 Sheet\nUseful in Dairy Plant\n\nAdditional Information\nItem Code	500E\nInterested in this product?','2021-03-02 02:36:53','Active'),(17,'Bosch GCM 10 MX Mitre Saw- Professional',3,1,'18,000','0000','Product Specification\nModel Name/Number	GCM 10 MX\nBrand	Bosch\nWeight	14,1 Kg\nCutting Capacity, 0 Degree	89 mm\nCutting Capacity, 45 Degree Incline	67 mm\nNo-load Speed	4.800 Rpm\nSaw Blade Diameter	255 mm\nSaw Blade Bore Diameter	25.4 mm\nRated Input Power	1.700 W\nProduct Description\nOther Details:\nHigh cutting efficiency and cutting precision\nHigh performance of frequent Aluminum cutting\nHighest precision cutting for excellent work results\nHigh sliding fence design to offer advanced support for material\nSlight cutting-off force to offer extreme cutting smoothness\nAdjustable limiting screw enables trench cutting','2021-03-02 02:39:09','Active');

/*Table structure for table `t_request_equipment_details` */

DROP TABLE IF EXISTS `t_request_equipment_details`;

CREATE TABLE `t_request_equipment_details` (
  `Id` int(11) NOT NULL auto_increment,
  `Equipment_Name` varchar(200) NOT NULL,
  `Description` text,
  `Quantity` int(11) default NULL,
  `Estimated_Price` varchar(100) default NULL,
  `Request_Personal_Id` int(11) default NULL,
  PRIMARY KEY  (`Id`)
) ENGINE=InnoDB DEFAULT CHARSET=latin1;

/*Data for the table `t_request_equipment_details` */

/*Table structure for table `t_request_personal_details` */

DROP TABLE IF EXISTS `t_request_personal_details`;

CREATE TABLE `t_request_personal_details` (
  `Id` int(11) NOT NULL auto_increment,
  `Name` varchar(200) NOT NULL,
  `Address` text NOT NULL,
  `Contact_No` varchar(100) NOT NULL,
  `Email` varchar(200) default NULL,
  `Submission_Date` datetime default NULL,
  PRIMARY KEY  (`Id`)
) ENGINE=InnoDB DEFAULT CHARSET=latin1;

/*Data for the table `t_request_personal_details` */

/*Table structure for table `t_role_master` */

DROP TABLE IF EXISTS `t_role_master`;

CREATE TABLE `t_role_master` (
  `Id` int(11) NOT NULL auto_increment,
  `Role_Name` varchar(100) NOT NULL,
  `Status` enum('Active','InActive') NOT NULL,
  PRIMARY KEY  (`Id`)
) ENGINE=InnoDB AUTO_INCREMENT=4 DEFAULT CHARSET=latin1;

/*Data for the table `t_role_master` */

insert  into `t_role_master`(`Id`,`Role_Name`,`Status`) values (1,'Admin','Active'),(2,'Local Supplier','Active'),(3,'Global Supplier','Active');

/*Table structure for table `t_status_master` */

DROP TABLE IF EXISTS `t_status_master`;

CREATE TABLE `t_status_master` (
  `Id` int(11) NOT NULL auto_increment,
  `Status_Name` varchar(200) NOT NULL,
  `Status` enum('Active','InActive') NOT NULL default 'Active',
  PRIMARY KEY  (`Id`)
) ENGINE=InnoDB AUTO_INCREMENT=4 DEFAULT CHARSET=latin1;

/*Data for the table `t_status_master` */

insert  into `t_status_master`(`Id`,`Status_Name`,`Status`) values (1,'Submitted','Active'),(2,'Approved','Active'),(3,'Rejected','Active');

/*Table structure for table `t_supplier_company` */

DROP TABLE IF EXISTS `t_supplier_company`;

CREATE TABLE `t_supplier_company` (
  `Id` int(11) NOT NULL auto_increment,
  `Supplier_Type_Id` int(11) NOT NULL,
  `User_Id` int(11) NOT NULL,
  `Company_Name` varchar(255) NOT NULL,
  `Country_Id` int(11) default NULL,
  `City` varchar(255) default NULL,
  `Postal_Code` varchar(255) default NULL,
  `License_No` varchar(255) default NULL,
  `License_Img` blob,
  `Telephone_No` varchar(255) default NULL,
  `License_Registration_Date` date default NULL,
  `Company_Address` text,
  `Company_Description` text,
  `Company_Website` varchar(200) default NULL,
  `Submitted_Date` timestamp NOT NULL default CURRENT_TIMESTAMP,
  `Update_date` timestamp NOT NULL default '0000-00-00 00:00:00',
  `Updated_By` int(11) default NULL,
  `Remarks` text,
  `Status_Id` int(11) NOT NULL,
  PRIMARY KEY  (`Id`),
  KEY `FK_t_supplier_status_mapping` (`Status_Id`),
  KEY `FK_t_supplier_company` (`Country_Id`),
  CONSTRAINT `FK_t_supplier_company` FOREIGN KEY (`Country_Id`) REFERENCES `t_country_master` (`Id`),
  CONSTRAINT `FK_t_supplier_status_mapping` FOREIGN KEY (`Status_Id`) REFERENCES `t_status_master` (`Id`)
) ENGINE=InnoDB AUTO_INCREMENT=11 DEFAULT CHARSET=latin1;

/*Data for the table `t_supplier_company` */

insert  into `t_supplier_company`(`Id`,`Supplier_Type_Id`,`User_Id`,`Company_Name`,`Country_Id`,`City`,`Postal_Code`,`License_No`,`License_Img`,`Telephone_No`,`License_Registration_Date`,`Company_Address`,`Company_Description`,`Company_Website`,`Submitted_Date`,`Update_date`,`Updated_By`,`Remarks`,`Status_Id`) values (1,1,2,'Green Kitchen & Bakery Equipment',NULL,NULL,NULL,'R1002858','../uploads/user.png','02328303','2012-05-11','Above Clock Tower, Norzin Lam, Thimphu Bhutan','Manufacture & Trader (Since 2012)','http://nowebsite.com','2021-02-26 04:48:54','2021-03-02 01:09:02',1,'All The Document and Information Given are Correct and Vialated',2),(2,1,3,'Himalayan Tools & Machinery',NULL,NULL,NULL,'1000658','../uploads/user.png','02350808','2020-09-16','Near Hotel Bhutan Kubera, Thimphu Bhutan','Himalayan Tools & Machinery','http://nowebsite.com','2021-02-26 04:54:03','0000-00-00 00:00:00',NULL,NULL,1),(3,1,4,'Druk Wangyel Traders',NULL,NULL,NULL,'R1009454','../uploads/My Account _ Manage your Billing.pdf','17458669','2020-09-15','Changzamtog, Thimphu Bhutan','Druk Wangyel Traders','underprocess.com','2021-02-26 04:59:04','0000-00-00 00:00:00',NULL,NULL,1),(4,1,5,'Druk Scientific Supplier',NULL,NULL,NULL,'R1000515','../uploads/user.png','02351430','2019-09-16','Babesa, Thimphu Bhutan','Druk Scientific Supplier','nowebsite.com','2021-02-26 05:03:03','0000-00-00 00:00:00',NULL,NULL,1),(5,1,6,'Druna Ghu',NULL,NULL,NULL,'1039786','../uploads/user.png','0200000','2020-09-18','Startup Center, Changzamtog, Thimphu Bhutan','Druna Ghu','nowebsite.com','2021-02-26 05:07:31','0000-00-00 00:00:00',NULL,NULL,1),(6,1,7,'Ratna Damphel Fabric & Paper Unit',NULL,NULL,NULL,'000000','../uploads/user.png','17967459','2020-09-18','Startup Center, Changzamtog, Thimphu Bhutan','Ratna Damphel Fabric & Paper Unit','http://nowebsite.com','2021-02-26 05:12:24','0000-00-00 00:00:00',NULL,NULL,1),(7,1,8,'Sangay\'s Creation',NULL,NULL,NULL,'1041633','../uploads/user.png','17465339','2020-09-18','Startup Center, Changzamtog, Thimphu Bhutan','Sangay\'s Creation','http://nowebsite.com','2021-02-26 05:16:54','2021-03-02 10:54:05',1,'Trade License is not Valied',3),(8,1,9,'BhutanSync Infotech Solution',NULL,NULL,NULL,'BAB123359','../uploads/bakery-mixer-machine.jpg','02328303','2021-03-03','fwefew','ewfwegweg','http://bhutansyncits.com','2021-03-02 03:59:06','0000-00-00 00:00:00',NULL,NULL,1),(9,1,10,'BhutanSync Infotech Solution',NULL,NULL,NULL,'BAB123359','../uploads/License/baling-Machine.jpg','02333566','2021-03-05','effew','fewfw','http://bhutansynits.com','2021-03-03 09:39:35','0000-00-00 00:00:00',NULL,NULL,1),(10,1,11,'BhutanSync Infotech Solution',NULL,NULL,NULL,'BAB123359','uploads/License1/bosch-gcm-10-mx-mitre-saw-professional-500x500.jpg','0233333','2021-03-18','efcefe','fefee','nowebsite.com','2021-03-03 09:41:43','0000-00-00 00:00:00',NULL,NULL,1);

/*Table structure for table `t_supplier_type` */

DROP TABLE IF EXISTS `t_supplier_type`;

CREATE TABLE `t_supplier_type` (
  `Id` int(11) NOT NULL auto_increment,
  `Supplier_Type` varchar(200) NOT NULL,
  `Status` enum('Active','InActive') NOT NULL default 'Active',
  PRIMARY KEY  (`Id`)
) ENGINE=InnoDB AUTO_INCREMENT=3 DEFAULT CHARSET=latin1;

/*Data for the table `t_supplier_type` */

insert  into `t_supplier_type`(`Id`,`Supplier_Type`,`Status`) values (1,'Local','Active'),(2,'International','Active');

/*Table structure for table `t_technology_request` */

DROP TABLE IF EXISTS `t_technology_request`;

CREATE TABLE `t_technology_request` (
  `Id` int(11) NOT NULL auto_increment,
  `Name` varchar(200) NOT NULL,
  `Email` varchar(200) default NULL,
  `Contact_No` varchar(200) default NULL,
  `Present_Address` text,
  `Equipment_Name` varchar(255) default NULL,
  `Equipment_Description` text,
  `Submitted_Date` timestamp NOT NULL default CURRENT_TIMESTAMP on update CURRENT_TIMESTAMP,
  `Response` text,
  `Status` enum('Active','InActive') default 'Active',
  PRIMARY KEY  (`Id`)
) ENGINE=InnoDB AUTO_INCREMENT=4 DEFAULT CHARSET=latin1;

/*Data for the table `t_technology_request` */

insert  into `t_technology_request`(`Id`,`Name`,`Email`,`Contact_No`,`Present_Address`,`Equipment_Name`,`Equipment_Description`,`Submitted_Date`,`Response`,`Status`) values (1,'Sonam Dorji','sonam@bhutansyncits.com','17458669','12123224324','baking machine','scsacsv','2021-02-15 23:50:51','dcvsdvsdvsdv','Active'),(2,'Karma','sdorji815@gmail.com','17458669','MOEA','Pulser','regrgbthyhy','2021-02-16 11:09:40',NULL,'Active'),(3,'bt','sonam@bhutansyncits.com','17458669','hejo','baking machine','i want baking machine','2021-03-02 21:28:46',NULL,'Active');

/*Table structure for table `t_user_master` */

DROP TABLE IF EXISTS `t_user_master`;

CREATE TABLE `t_user_master` (
  `Id` int(50) NOT NULL auto_increment,
  `Name` varchar(255) NOT NULL,
  `Email` varchar(255) NOT NULL,
  `Password` varchar(255) NOT NULL,
  `Image` tinyblob,
  `Contact_No` varchar(8) NOT NULL,
  `Designation` varchar(200) default NULL,
  `Role_Id` int(11) NOT NULL,
  `Status` enum('Active','InActive') NOT NULL default 'Active',
  PRIMARY KEY  (`Id`),
  KEY `FK_t_user_role_mapping` (`Role_Id`),
  CONSTRAINT `FK_t_user_role_mapping` FOREIGN KEY (`Role_Id`) REFERENCES `t_role_master` (`Id`)
) ENGINE=InnoDB AUTO_INCREMENT=12 DEFAULT CHARSET=latin1;

/*Data for the table `t_user_master` */

insert  into `t_user_master`(`Id`,`Name`,`Email`,`Password`,`Image`,`Contact_No`,`Designation`,`Role_Id`,`Status`) values (1,'SONAM','admin@gmail.com','$2y$10$oVQ6BavZ3QGabxRjyvKxduBq4lJFSQwAR6cPfGzLb9F6CDFP38iay',NULL,'17458669','System Developer',1,'Active'),(2,'Tenzin Norbu','xcennor@gmail.com','$2y$10$ZwmWMMKahZ/q.gm4ONdVdu1q8qwVnN5ZdLFBFHNeGjyS.bgF3yby.',NULL,'17619068','Proprietor',2,'Active'),(3,'Chandra Galley','cgalley1@gmail.com','$2y$10$3HqGRDZkZcQDWh13x9zhs./kHgkY.nDTv/1i7zyMH02ZioikmrhY2',NULL,'17119970','Proprietor',2,'InActive'),(4,'Namkha Wangchuk','drukwangyeltrader@gmail.com','$2y$10$R9n9QBzCdHPUY5yrUgozluZ2TOMjRynJrt3SltVN3BkPqCNFYYKXO',NULL,'17984551','Partner',2,'InActive'),(5,'Dili Ram Neopani','drukscientifiv2018@gmail.com','$2y$10$c8yrX7x2wWw1PGkuJqNMyutlsxZz7Xm6.6YG5p3J8Lz2SyeLcg.Ua',NULL,'17633203','Proprietor',2,'InActive'),(6,'Chimmi Dema','chhimmidema2015@gmail.com','$2y$10$vKpWmGnYkKC2145Y5OPj6u9ToyJQdrH6Pw.uq.YJnuf/axB82iZGO',NULL,'17494117','Founder',2,'InActive'),(7,'Kinga Jamtsho','rsamphel2017@gmail.com','$2y$10$y2E/QQklcov7DlSmFlnJ2O9uKjL/XMZiDxOzMbaH.2k1hqeoFAIme',NULL,'17551338','Founder',2,'InActive'),(8,'Sangay Wangmo','jangchuwangmo@gmail.com','$2y$10$byPyLMIWzgCtB9C2cjeRReV4wTBAn/bTZjsfImLdhGe3uX67/VVle',NULL,'17465339','Enterprenuer',2,'InActive'),(9,'Pema','sdorji815@gmail.com','$2y$10$lGITodDKqSvhDuttIx3TgeT/7a0rGH4B.asQK.4.1dwX7BEo8RcwG',NULL,'17458668','Choden',2,'InActive'),(10,'bt','Sdorji158@gmailfefe','$2y$10$oSuz7Ha/Ly..C8/taaHxcOgXSVii0u4XPl5AD5dTnvxYhCRxiCxVu',NULL,'17458669','defved',2,'InActive'),(11,'Sonam Dorji','admin@dcsitechnology.bcdc','$2y$10$.rVfNsbNZcfmtQyoD9ikiOanklCCfQMb4edQ4dwQpg7DIdfOCuqFe',NULL,'17458669','CEO',2,'InActive');

/*!40101 SET SQL_MODE=@OLD_SQL_MODE */;
/*!40014 SET FOREIGN_KEY_CHECKS=@OLD_FOREIGN_KEY_CHECKS */;
/*!40014 SET UNIQUE_CHECKS=@OLD_UNIQUE_CHECKS */;
/*!40111 SET SQL_NOTES=@OLD_SQL_NOTES */;
